{"last_tab":"","visapro_header_display_none_hide":"","visapro_header_top_hide":"","visapro_box_layout":"htopt_box","visapro_main_box_layout":"hmenul_box","visapro_top_right_layout":"header_top_1","visapro_header_top_road":"20\/4 G-Floor, Panthapath.","visapro_header_top_email":"example@gmail.com","visapro_header_top_mobile":"+330 320 4326","visapro_header_top_opening":"Open hours: 9.00-24.00 Mon-Sat","visapro_header_top_icon_color":"","visapro_header_top_color":"","visapro_header_top_hover_color":"","visapro_header_opening_bg_color":"","visapro_hoeder_top_bg_color":{"background-color":"","background-repeat":"","background-size":"","background-attachment":"","background-position":"","background-image":"","media":{"id":"","height":"","width":"","thumbnail":""}},"visapro_header_top_section_spacing":{"padding-top":"","padding-right":"","padding-bottom":"","padding-left":"","units":"px"},"visapro_social_icons":{"facebook":"https:\/\/www.facebook.com\/","twitter":"https:\/\/twitter.com\/","instagram":"","tumblr":"","pinterest":"","linkedin":"#","behance":"","dribbble":"","youtube":"","vimeo":"","rss":""},"visapro_logo":{"url":"http:\/\/webitkurigram.com\/wp\/visapro\/wp-content\/uploads\/2020\/05\/logo.png","id":"2472","height":"70","width":"240","thumbnail":"http:\/\/webitkurigram.com\/wp\/visapro\/wp-content\/uploads\/2020\/05\/logo-150x70.png","title":"logo","caption":"","alt":"","description":""},"visapro_onepage_logo":{"url":"http:\/\/webitkurigram.com\/wp\/visapro\/wp-content\/uploads\/2020\/05\/logo.png","id":"2472","height":"70","width":"240","thumbnail":"http:\/\/webitkurigram.com\/wp\/visapro\/wp-content\/uploads\/2020\/05\/logo-150x70.png","title":"logo","caption":"","alt":"","description":""},"visapro_ts_logo":{"url":"http:\/\/webitkurigram.com\/wp\/visapro\/wp-content\/uploads\/2020\/05\/logo2.png","id":"2473","height":"70","width":"240","thumbnail":"http:\/\/webitkurigram.com\/wp\/visapro\/wp-content\/uploads\/2020\/05\/logo2-150x70.png","title":"logo2","caption":"","alt":"","description":""},"visapro_retina_logo":{"url":"","id":"","height":"","width":"","thumbnail":"","title":"","caption":"","alt":"","description":""},"visapro_mobile_top_logo":{"url":"http:\/\/webitkurigram.com\/wp\/visapro\/wp-content\/uploads\/2020\/05\/logo.png","id":"2472","height":"70","width":"240","thumbnail":"http:\/\/webitkurigram.com\/wp\/visapro\/wp-content\/uploads\/2020\/05\/logo-150x70.png","title":"logo","caption":"","alt":"","description":""},"visapro_logo_height":"","visapro_logo_widget":"","visapro_line_height":"10px","visapro_mobile_image_logo":"\"VisaPro\"","visapro_mobilebg_color":"","visapro_mobileicon_color":"","visapro_defaulth_menu_layout":"2","visapro_header_button":"Apply Now","visapro_header_button_url":"#","visapro_Button_colorm":"","visapro_Button_colorurl":"","visapro_Buttonht_colorm":"","visapro_Buttonhtb_colorurl":"","visapro_menu_bg_color":{"background-color":"","background-repeat":"","background-size":"","background-attachment":"","background-position":"","background-image":"","media":{"id":"","height":"","width":"","thumbnail":""}},"visapro_menu_texts_hover_color":"","visapro_menu_bg_sticky_color":{"color":"#f12a02","alpha":"1","rgba":"rgba(241,42,2,1)"},"visapro_menu_text_hover_color":"","visapro_submenu_bg_color":{"background-color":"","background-repeat":"","background-size":"","background-attachment":"","background-position":"","background-image":"","media":{"id":"","height":"","width":"","thumbnail":""}},"visapro_submenu_hover_text_color":"","menu_spacing":{"padding-top":"","padding-right":"","padding-bottom":"","padding-left":"","units":"px"},"visapro_breadcrumb_bg":{"background-color":"","background-repeat":"no-repeat","background-size":"cover","background-attachment":"scroll","background-position":"center center","background-image":"http:\/\/webitkurigram.com\/wp\/visapro\/wp-content\/uploads\/2020\/05\/testi-bg.jpg","media":{"id":"2392","height":"781","width":"1906","thumbnail":"http:\/\/webitkurigram.com\/wp\/visapro\/wp-content\/uploads\/2020\/05\/testi-bg-150x150.jpg"}},"visapro_bread_title_page_color":"#ffffff","visapro_bread_current_page_color":"#ffffff","spacing":{"padding-top":"","padding-right":"","padding-bottom":"","padding-left":"","units":"px"},"thdft":"","thdftbt":"","thdefhbg":"","tmdfht":"","thdefhbgctc":"","thdefhbgcbtbgh":"","thdefhbgcbth":"","tmdfhtcbtnht":"","visapro_menu_bg_videocolor":{"color":"#000000","alpha":"0.3","rgba":"rgba(0,0,0,0.3)"},"visapro_blog_bgcolor":{"background-color":"","background-repeat":"","background-size":"","background-attachment":"","background-position":"","background-image":"","media":{"id":"","height":"","width":"","thumbnail":""}},"visapro_blog_title_color":"","visapro_blog_title_hover_color":"","visapro_blog_icon_color":"","visapro_blog_text_meta_color":"","visapro_blog_btn_txt_color":"","visapro_blog_btn_border_color":"","visapro_blog_btnhover_color":"","visapro_blog_btnhover_colorbg":"","visapro_blog_widget_bgcolor":{"background-color":"","background-repeat":"","background-size":"","background-attachment":"","background-position":"","background-image":"","media":{"id":"","height":"","width":"","thumbnail":""}},"visapro_sidebar_widgett_text_color":"","visapro_sidebar_widget_li_color":"","visapro_sidebar_widget_li_hover_color":"","visapro_blog_social_icon_color":"","visapro_blog_social_hover_color":"","visapro_blog_pagina_color":"","visapro_blog_pagina_hover_color":"","visapro_blog_socialsharesh_hide":"1","visapro_background_404":{"background-color":"","background-repeat":"","background-size":"","background-attachment":"","background-position":"","background-image":"","media":{"id":"","height":"","width":"","thumbnail":""}},"visapro_not_title":"","visapro_sub_not_title":"","visapro_not_link_color":"","404_info":"404 Oops! The page you are Looking for does not exist.","visapro_notfound_spacing":{"padding-top":"","padding-right":"","padding-bottom":"","padding-left":"","units":"px"},"visapro_widget_hide":"1","visapro_copyright_hide":"1","visapro_social_hide":"0","visapro_footer_box_layout":"footer_box","visapro_social_logo_style":"s_logo_s2","visapro_social_title_text":"visapro","visapro_social_logo":{"url":"http:\/\/webitkurigram.com\/wp\/visapro\/wp-content\/uploads\/2020\/05\/logo2.png","id":"2473","height":"70","width":"240","thumbnail":"http:\/\/webitkurigram.com\/wp\/visapro\/wp-content\/uploads\/2020\/05\/logo2-150x70.png","title":"logo2","caption":"","alt":"","description":""},"visapro_social_text":"Lorem ipsum dolor sit amet, consectetur ahkl adipisicing elit, sed do eiusmod tempor incididunt ut labore et dolore magna aliqua. Ut enim ad minim veniam, quis nostrud","visapro_social_title_text_color":"","visapro_social_title2_text_color":"","visapro_social_text_color":"","visapro_social_icon_color":"","visapro_social_icon_bgcolor":"","visapro_social_icon_thbgcolor":"","visapro_social_icon_hbgcolor":"","visapro_social_bg_color":{"background-color":"","background-repeat":"","background-size":"","background-attachment":"","background-position":"","background-image":"","media":{"id":"","height":"","width":"","thumbnail":""}},"visapro_social_section_spacing":{"padding-top":"","padding-right":"","padding-bottom":"","padding-left":"","units":"px"},"visapro_widget_column_count":"4","visapro_widgett_text_color":"","visapro_copyright_widget_li_color":"","visapro_copyright_widget_li_hover_color":"","visapro_widget_bg_color":{"background-color":"","background-repeat":"","background-size":"","background-attachment":"","background-position":"","background-image":"","media":{"id":"","height":"","width":"","thumbnail":""}},"visapro_widget_section_spacing":{"padding-top":"","padding-right":"","padding-bottom":"","padding-left":"","units":"px"},"visapro_footer_copyright_style":"copy_s2","visapro_copyright_text":"Copyright \u00a9 visapro all rights reserved.","visapro_copyright_text_color":"","visapro_copyright_text_hover_color":"","visapro_copyright_bg_color":{"background-color":"","background-repeat":"","background-size":"","background-attachment":"","background-position":"","background-image":"","media":{"id":"","height":"","width":"","thumbnail":""}},"visapro_copyright_section_spacing":{"padding-top":"","padding-right":"","padding-bottom":"","padding-left":"","units":"px"},"opt-customizer-only":"2","redux-backup":"1"}