<?xml version="1.0"?>
<!--
/**
 * @category   FME
 * @package    FME_Reffersystem
 * @author     Syed Shaheer Ali <support@fmeextensions.com>
 * @license    http://opensource.org/licenses/osl-3.0.php  Open Software License (OSL 3.0)
 */ 
 -->
<config>
    <tabs translate="label" module="reffersystem" >
        <fmebase translate="label" module="reffersystem">
            <label><![CDATA[<div style="position: absolute;"><img id="fme_block" src="" alt="" border="0" /></div>&nbsp;<script>
                var n = SKIN_URL.indexOf("adminhtml");
                $('fme_block').src = SKIN_URL.substring(0, n) + "adminhtml/default/default/images/reffersystem/logo.png";
                </script>]]></label>
            <sort_order>123</sort_order>
        </fmebase>
    </tabs>
   <sections>
        <reffersystem translate="label" module="reffersystem">
            <label>Refer a Friend</label>
            <tab>fmebase</tab>
            <frontend_type>text</frontend_type>
            <sort_order>100</sort_order>
            <show_in_default>1</show_in_default>
            <show_in_website>1</show_in_website>
            <show_in_store>1</show_in_store>
           <groups>
	    <setting translate="label">
                    <label>General Settings</label>
                    <frontend_type>text</frontend_type>
                    <sort_order>0</sort_order>
                    <show_in_default>1</show_in_default>
                    <show_in_website>1</show_in_website>
                    <show_in_store>1</show_in_store>
                    <fields>
                  <status translate="label">
                            <label>Enabled</label>
                             <frontend_type>select</frontend_type>
			   				  <source_model>adminhtml/system_config_source_enabledisable</source_model>
			    			  <sort_order>0</sort_order>
                            <show_in_default>1</show_in_default>
                            <show_in_website>1</show_in_website>
                            <show_in_store>1</show_in_store>
                  </status>
           <purchaeamount translate="label">
                  <label>Calculate Item Purchase Amount</label>
                  <frontend_type>select</frontend_type>
                  <source_model>reffersystem/purchaseamount</source_model>
                  <sort_order>1</sort_order>
                  <show_in_default>1</show_in_default>
                  <show_in_website>1</show_in_website>
                  <show_in_store>1</show_in_store>   
              </purchaeamount>
			   <maximumdiscount translate="label">
                            <label>Maximum discount % to order</label>
                             <frontend_type>text</frontend_type>
			   				             <sort_order>2</sort_order>
                            <show_in_default>1</show_in_default>
                            <show_in_website>1</show_in_website>
                            <show_in_store>1</show_in_store>
        </maximumdiscount>
         <discountprice translate="label">
                            <label>Apply Discount to cart total if Price is equal or greater than</label>
                             <frontend_type>text</frontend_type>
                             <sort_order>3</sort_order>
                            <show_in_default>1</show_in_default>
                            <show_in_website>1</show_in_website>
                            <show_in_store>1</show_in_store>
        </discountprice> 
        <maximumbalance translate="label">
                            <label>Maximum Balance A Customer Can Use</label>
                             <frontend_type>text</frontend_type>
                             <sort_order>4</sort_order>
                            <show_in_default>1</show_in_default>
                            <show_in_website>1</show_in_website>
                            <show_in_store>1</show_in_store>
        </maximumbalance>
		    </fields>		    
		</setting>

    <referralsettings translate="label">
                    <label>Referral Settings</label>
                    <frontend_type>text</frontend_type>
                    <sort_order>2</sort_order>
                    <show_in_default>1</show_in_default>
                    <show_in_website>1</show_in_website>
                    <show_in_store>1</show_in_store>
                    <fields>
                  <referraldiscount translate="label">
                            <label>Give Discount To Referral On Sign Up</label>
                             <frontend_type>select</frontend_type>
                  <source_model>adminhtml/system_config_source_yesno</source_model>
                  <sort_order>0</sort_order>
                            <show_in_default>1</show_in_default>
                            <show_in_website>1</show_in_website>
                            <show_in_store>1</show_in_store>
                  </referraldiscount>
                  <bounstype translate="label">
                      <label>Bouns Type</label>
                      <frontend_type>select</frontend_type>
                      <source_model>reffersystem/bounstype</source_model>
                      <sort_order>1</sort_order>
                      <show_in_default>1</show_in_default>
                      <show_in_website>1</show_in_website>
                      <show_in_store>1</show_in_store>   
                  </bounstype>
                  <bounsamount translate="label">
                            <label>Bouns Amount</label>
                             <frontend_type>text</frontend_type>
                             <sort_order>3</sort_order>
                            <show_in_default>1</show_in_default>
                            <show_in_website>1</show_in_website>
                            <show_in_store>1</show_in_store>
                  </bounsamount>
           
        </fields>       
    </referralsettings>

     <emailsetting translate="label">
                    <label>Email Settings</label>
                    <frontend_type>text</frontend_type>
                    <sort_order>3</sort_order>
                    <show_in_default>1</show_in_default>
                    <show_in_website>1</show_in_website>
                    <show_in_store>1</show_in_store>
                    <fields>
                  <enableemail translate="label">
                            <label>Enable Invitaion Section</label>
                             <frontend_type>select</frontend_type>
                  <source_model>adminhtml/system_config_source_yesno</source_model>
                  <sort_order>0</sort_order>
                            <show_in_default>1</show_in_default>
                            <show_in_website>1</show_in_website>
                            <show_in_store>1</show_in_store>
                  </enableemail>
                  <sender_email_identity translate="label">
                            <label>Email Sender</label>
                            <frontend_type>select</frontend_type>
                            <source_model>adminhtml/system_config_source_email_identity</source_model>
                            <sort_order>2</sort_order>
                            <show_in_default>1</show_in_default>
                            <show_in_website>1</show_in_website>
                            <show_in_store>1</show_in_store>
                  </sender_email_identity>
                  <referemailtemplate translate="label">
                            <label>Email Template</label>
                            <frontend_type>select</frontend_type>
                            <source_model>adminhtml/system_config_source_email_template</source_model>
                            <sort_order>1</sort_order>
                            <show_in_default>1</show_in_default>
                            <show_in_website>1</show_in_website>
                            <show_in_store>1</show_in_store>
                 </referemailtemplate>
           
        </fields>       
    </emailsetting>


	  </groups> 
      </reffersystem>	
    </sections>
    <sections>
         <basesec translate="label" module="reffersystem">
            <label>Extension's Info and Support</label>
            <tab>fmebase</tab>
            <sort_order>10</sort_order>
            <show_in_default>1</show_in_default>
            <show_in_website>1</show_in_website>
            <show_in_store>1</show_in_store>
            <groups>
                <info translate="label">
                    <label>Extensions Information</label>
                    <frontend_type>text</frontend_type>
                    <frontend_model>fmebase/system_config_form_fme_info</frontend_model>
                    <sort_order>1</sort_order>
                    <show_in_default>1</show_in_default>
                    <show_in_website>1</show_in_website>
                    <show_in_store>1</show_in_store>
                </info>
                <contact translate="label">
                    <label>Contact FME Support</label>
                    <frontend_type>text</frontend_type>
                    <frontend_model>fmebase/system_config_form_fme_contact</frontend_model>
                    <sort_order>2</sort_order>
                    <show_in_default>1</show_in_default>
                    <show_in_website>1</show_in_website>
                    <show_in_store>1</show_in_store>
                </contact>
                <social translate="label">
                    <label>FME Social</label>
                    <frontend_type>text</frontend_type>
                    <frontend_model>fmebase/system_config_form_fme_social</frontend_model>
                    <sort_order>3</sort_order>
                    <show_in_default>1</show_in_default>
                    <show_in_website>1</show_in_website>
                    <show_in_store>1</show_in_store>
                </social>
            </groups>
        </basesec>
    </sections>
</config>
